{
  "hash": "e22f9503",
  "browserHash": "c1a2d1df",
  "optimized": {
    "@angular/common": {
      "src": "../../../../../node_modules/@angular/common/fesm2022/common.mjs",
      "file": "@angular_common.js",
      "fileHash": "c760ac99",
      "needsInterop": false
    },
    "@angular/common/http": {
      "src": "../../../../../node_modules/@angular/common/fesm2022/http.mjs",
      "file": "@angular_common_http.js",
      "fileHash": "d790961b",
      "needsInterop": false
    },
    "@angular/core": {
      "src": "../../../../../node_modules/@angular/core/fesm2022/core.mjs",
      "file": "@angular_core.js",
      "fileHash": "c2c11a25",
      "needsInterop": false
    },
    "@angular/forms": {
      "src": "../../../../../node_modules/@angular/forms/fesm2022/forms.mjs",
      "file": "@angular_forms.js",
      "fileHash": "0c3aca33",
      "needsInterop": false
    },
    "@angular/platform-browser": {
      "src": "../../../../../node_modules/@angular/platform-browser/fesm2022/platform-browser.mjs",
      "file": "@angular_platform-browser.js",
      "fileHash": "ca75c8fe",
      "needsInterop": false
    },
    "@angular/router": {
      "src": "../../../../../node_modules/@angular/router/fesm2022/router.mjs",
      "file": "@angular_router.js",
      "fileHash": "5e3c1434",
      "needsInterop": false
    },
    "@ngrx/effects": {
      "src": "../../../../../node_modules/@ngrx/effects/fesm2022/ngrx-effects.mjs",
      "file": "@ngrx_effects.js",
      "fileHash": "e5e8ae8d",
      "needsInterop": false
    },
    "@ngrx/router-store": {
      "src": "../../../../../node_modules/@ngrx/router-store/fesm2022/ngrx-router-store.mjs",
      "file": "@ngrx_router-store.js",
      "fileHash": "117e6625",
      "needsInterop": false
    },
    "@ngrx/store": {
      "src": "../../../../../node_modules/@ngrx/store/fesm2022/ngrx-store.mjs",
      "file": "@ngrx_store.js",
      "fileHash": "3a69eef7",
      "needsInterop": false
    },
    "@ngrx/store-devtools": {
      "src": "../../../../../node_modules/@ngrx/store-devtools/fesm2022/ngrx-store-devtools.mjs",
      "file": "@ngrx_store-devtools.js",
      "fileHash": "66199136",
      "needsInterop": false
    },
    "rxjs": {
      "src": "../../../../../node_modules/rxjs/dist/esm5/index.js",
      "file": "rxjs.js",
      "fileHash": "916c1bfe",
      "needsInterop": false
    },
    "rxjs/operators": {
      "src": "../../../../../node_modules/rxjs/dist/esm5/operators/index.js",
      "file": "rxjs_operators.js",
      "fileHash": "9579620d",
      "needsInterop": false
    }
  },
  "chunks": {
    "chunk-6U7YX7EV": {
      "file": "chunk-6U7YX7EV.js"
    },
    "chunk-L52QRVC2": {
      "file": "chunk-L52QRVC2.js"
    },
    "chunk-J5QVKZ2O": {
      "file": "chunk-J5QVKZ2O.js"
    },
    "chunk-J63RZ34H": {
      "file": "chunk-J63RZ34H.js"
    },
    "chunk-MKPECBXI": {
      "file": "chunk-MKPECBXI.js"
    },
    "chunk-RUTC56T7": {
      "file": "chunk-RUTC56T7.js"
    },
    "chunk-2UXUBMH3": {
      "file": "chunk-2UXUBMH3.js"
    },
    "chunk-KUOPV5YS": {
      "file": "chunk-KUOPV5YS.js"
    },
    "chunk-UB6C7KF6": {
      "file": "chunk-UB6C7KF6.js"
    }
  }
}